,Nome da empresa,Estado base,Segmento de atuação,Grau de maturidade,Descrição da empresa,Telefone,E-mail
0,BioAgro Control,Acre,Agricultura e Aquicultura,Nível 2,"Localizada em terras Amazônicas, a BioAgro Control conta com o desenvolvimento de insumos microbiológicos para levar mais eficiência e vida ao campo.",(68) 99233-8010,acbioagrocontrol@gmail.com
1,Biocacau,Acre,Agricultura e Aquicultura,Protótipo,"O produto tem como matéria-prima bactérias simbióticas benéficas isoladas do cacau selvagem da Amazônia. Essas bactérias realizam um serviço ecossistêmico na natureza, fazendo a manutenção da espécie em ambiente natural. Essa tecnologia diminui a utilização de fertilizantes inorgânicos e agrotóxicos, corta gastos e reduz a utilização de químicos prejudiciais ao meio ambiente e à saúde humana.",(68) 99987-3675,Instagram:  https://www.instagram.com/biocacau_ac/
2,Bioinsumos Adubom,Acre,Agricultura e Aquicultura,Operação,"A Bioinsumos Adubom produz e oferece adubos orgânicos tradicionais provenientes de matéria orgânica de origem florestal, urbana e agroindustrial para vasos de plantas ornamentais e hortaliças.",,sergiofiuza@live.com
3,Peixe Sadio,Acre,Agricultura e Aquicultura,Protótipo,"A Peixe Sadio Consultoria tem como objetivo auxiliar os piscicultores, técnicos e a população em geral na identificação das doenças dos peixes por meio de aplicativo. A ferramenta auxiliará na identificação de parasitas e no manejo adequado do peixe parasitado, a fim de minimizar perdas econômicas nos ambientes de cultivo, bem como reduzir os danos à saúde do consumidor final, contribuindo para a segurança alimentar da população.",(68) 99984-4402,https://www.instagram.com/peixesadio
4,Amazonear,Acre,Alimentos e Bebidas,Operação,"A Amazonear reutiliza resíduos provenientes da produção do cacau e da castanha em receitas originais, visando reduzir o descarte da farinha na natureza.",(68) 99909-0729,Instagram: https://www.instagram.com/amazonear_produtos/
5,Andes e Selva,Acre,Alimentos e bebidas,,"Indústria voltada à fabricação de alimentos saudáveis, unindo o que há de melhor das montanhas andinas à selva amazônica. Alimentos com alto valor nutricional, sabor exótico e valor mais acessível.",(68) 99915-0095,https://Instagram.com/andeseselva
6,Casacre da Amazônia,Acre,Prototipagem,,"A Casacre da Amazônia desenvolve produtos lácteos de origem vegetal, atuando na sustentabilidade, extrativismo e cooperativismo.",(68) 99235-8787,https://instagram.com/casacredaamazonia
7,COOPERAR,Acre,Alimentos e Bebidas,Protótipo,"A cooperativa promove atividades produtivas sustentáveis que conciliam a geração de trabalho e renda e a conservação da floresta. Um dos produtos desenvolvidos é o vinagre de cacau selvagem da Amazônia, que proporciona a diminuição do resíduo agroextrativista.",(97) 98802-0788,Instagram: https://www.instagram.com/cooperarcomercial/
8,Duque Sustentabilidade,Acre,Bioenergia e Biocombustíveis,Operação,"A Duque Sustentabilidade trabalha com soluções para reciclagem de óleos e gorduras vegetais usados, vencidos e óleos com acidez alta e/ou de refugo gerados durante processos de produção ou em cozinhas industriais, visando qualidade de vida para a atual e futura geração.",(68) 99994-5355,Instagram: https://www.instagram.com/duquesustentabilidadeac/
9,Bambuzini,Acre,Casa e Construção,Operação,A iniciativa aplica práticas sustentáveis de agricultura e o correto manejo do solo usando técnicas sustentáveis de apropriação de materiais renováveis e regionais como fonte de renda e polo gerador de emprego.,(68) 99929-3199,Instagram: https://www.instagram.com/escolabambuzini/
10,Syagrus - Consultoria & Certificação Socioambiental,Acre,Ecoturismo e Floresta,Protótipo,"A Syagrus oferece serviço de consultoria para a regularização ambiental das atividades agroextrativistas e adequação da propriedade às normas ambientais vigentes. O foco é na certificação orgânica e socioambiental da produção florestal não madeireira de agroindústrias, associações, cooperativas agrícolas, produtores rurais, entre outros interessados.",(68) 99915- 5580,contato@syagrus.com.br
11,Aedes Biotech,Acre,Protótipo,,"A Aedes Biotech desenvolve um biopesticida à base de fungos nativos da Amazônia para controlar larvas de Aedes aegypti. Trata-se de uma tecnologia de baixo custo, com alta efetividade de controle larval e grande rendimento. Além disso, esse produto é feito com recursos nacionais e naturais que não agridem o meio ambiente.",(68) 99922-2914,https://instagram.com/aedesbiotech
12,Encontrei Saúde,Acre,"Fármacos, fitoterápicos e nutracêuticos",,"A Encontrei Saúde é uma startup dedicada a ajudar pessoas que sofrem com ansiedade. A iniciativa desenvolve uma plataforma digital onde são disponibilizados cursos, conteúdos e treinamentos que possibilitam a aquisição de conhecimentos e hábitos saudáveis que possam gerar uma vida mais tranquila.",(68) 99984-2565,https://www.instagram.com/encontreisaude/
13,Farmazon,Acre,"Fármacos, Fitoterápicos e Nutracêuticos",Protótipo,"A Farmazon produz ibogaína, substância utilizada no tratamento de dependência química de drogas lícitas e ilícitas, doença de Parkinson, estresse pós-traumático, depressão e outras desordens neurológicas a um baixo custo e de maneira sustentável, a partir de tecnologia nacional e matéria-prima 100% da Amazônia.",(68) 99997-8712 e (68) 99956-8711,Instagram: https://www.instagram.com/farmazonbr/
14,Encantos da Floresta Produtos Naturais Ltda,Acre,Operação,,"A Encantos da Floresta desenvolve linha de produtos composta por seivas e óleos vegetais da Amazônia. Sua principal linha é a Bálsamos Naturais da Floresta Amazônica, composta por seivas e óleos com diversas propriedades medicinais e de uso estético. Os produtos são 100% naturais, sem aditivos químicos, veganos, de qualidade superior e são extraídos de forma sustentável por comunidades tradicionais no coração da Amazônia.",(12) 99726-2600,https://instagram.com/encantosdaflorestabr
15,Seringal Biotec - Produtos e Serviços Biotecnológicos da Amazônia,Acre,"Higiene, Perfumaria e Cosméticos",Ideação,"A Seringal Biotec visa desenvolver produtos e soluções por meio de pesquisa científica e extração de essências da flora amazônica de maneira sustentável, agregando valor aos produtos e gerando riqueza para a cadeia produtiva local.",(68) 97400-6060,Instagram: https://www.instagram.com/seringalbiotec/
16,AMADEU - Amazonian Materials & Design United,Acre,Moda e Ecodesign,Tração,"Com mais de dezoito anos de experiência em pesquisa e desenvolvimento de materiais e projetos de impacto socioambiental positivo, a AMADEU trabalha especialmente com borrachas e emborrachados da floresta Amazônica, assim como em suas aplicações em produtos diversos, tais como acessórios, roupas, calçados, mobiliários e revestimentos.",(61) 98347-7179,Linkedin: https://www.linkedin.com/company/amadeudesign
17,Coletivo Rede AYA Business,Acre,MVP,,O símbolo AYA traduz o que a empresa quer representar: a ancestralidade e a força feminina na sua diversidade de vencer os desafios.,(21) 98020-6540,http://www.linkedin.com/company/aya-business-oficial/
18,Seringueira Couro Vegetal da Amazônia,Acre,Protótipo,,"Indústria de moda sustentável que trabalha com a produção e comercialização de lâminas de couro vegetal, produto natural e de qualidade, sempre prezando pela preservação da Amazônia em primeiro lugar.",(68) 99916-2000,https://instagram.com/courovegetaldaamazonia
19,Teca Artesanato da Amazônia,Acre,Moda e ecodesign,Operação,"A partir do reaproveitamento de matérias-primas da Amazônia e de resíduos têxteis, a empresa produz peças exclusivas e biossustentáveis feitas manualmente, com design inspirado na fauna e flora locais.",(68) 99908-3754,Instagram: https://www.instagram.com/tecartesanato/
20,Befer Agroindustrial e comercial Ltda,Acre,Químicos e Novos Materiais,Protótipo,"Através de pesquisa e desenvolvimento, a Befer busca ser um referencial na geração de soluções inovadoras ecológicas por meio de materiais sustentáveis. Para isso, a empresa conta com equipe e rede de contatos especializadas e engajadas na ideia, produtos e processos sustentáveis e uma estrutura para testagem, prototipagem e experiência mercadológica.",(51) 99943-0590,Instagram: https://www.instagram.com/beferseas/
21,Decomplast,Acre,Químicos e Novos Materiais,Protótipo,"A Decomplast é uma empresa com foco na construção de um produto biológico capaz de degradar plásticos. Para isso, conta com uma equipe formada por estudantes e professores da Universidade Federal do Acre (UFAC).",(68) 98405-4777,Instagram: https://www.instagram.com/decomplast/
22,Hidro Filtrantes Soluções com a Natureza,Acre,Protótipo,,"A Hidro Filtrante é uma empresa que desenvolve tratamento de efluentes com o uso de plantas. Com um viveiro de plantas aquáticas (macrófitas), recomendadas para biofitorestauração de efluentes e de corpos hídricos, a iniciativa utiliza a tecnologia passiva e biológica para o tratamento de esgotos, o que permite uma interação harmoniosa com as áreas e comunidade de entorno. A presença da vegetação no sistema e a ausência de odores, ruídos e aspectos visualmente desagradáveis transforma o olhar dos usuários sobre o tratamento dos esgotos e contribui para a formação de uma cultura de educação ambiental.",(68) 99233-7019,https://www.facebook.com/hidro.filtrante.ac
23,Nexplas,Acre,MVP,,"A Nexplas é uma startup de nanotecnologia que trabalha com o desenvolvimento de materiais sustentáveis e de alta performance. Seu principal produto é o material plástico biodegradável com insumos amazônicos, que serve para produção de embalagens para prolongar a durabilidade dos alimentos.",(68) 99242-5208,http://Instagram.com/nexplas.io
24,Turbid Water,Acre,Químicos e novos materiais,,A Turbid Water é uma empresa que visa a promoção da saúde humana por meio da fabricação de equipamentos de tratamento e monitoramento da qualidade da água para consumo humano.,(68) 9971-2815,turbidwater.dpr@gmail.com
25,Acreaníssimo,Acre,Tecnologia da Informação,Ideação,"A Acreaníssimo desenvolveu a primeira plataforma de e-commerce voltada exclusivamente à comercialização de produtos e serviços da cadeia produtiva da bioeconomia acreana, com o objetivo de proporcionar maior visibilidade e vendas para os negócios locais.",(68) 99956-7851,Facebook: https://www.facebook.com/Acrenissimo
26,Biologia Animal LTDA,Acre,Tecnologia da Informação,Protótipo,"Com isso, a iniciativa viabiliza mudanças no processo de ensino e aprendizagem nos ambientes educacionais, inserindo a população beneficiada como agente ativa desse processo.",(68) 99957-5587,Instagram: https://www.instagram.com/biologia.animal.ltda/
27,BioTech3D,Acre,Protótipo,,"A iniciativa transforma ideias em objetos, melhorando a forma de se comunicar e conectar o público com praticidade e dinamismo.",(68) 99957-5587,http://instagram.com/Bio.Tech3D
28,Doutor Açaí Soluções Digitais,Acre,Tecnologia da Comunicação e Informação,Ideação,"A iniciativa visa facilitar e ampliar o acesso a informações e inovações técnicas para aumentar a qualidade e a produção de açaí, além de possibilitar maior autonomia e assertividade para manejar açaizais. Também será ofertada aos usuários a possibilidade de contratação de consultorias técnicas on-line ou presenciais.",(68) 99977-7852,Facebook: https://www.facebook.com/DoutorAcai068/
29,Instituto GeoLAB,Acre,Tecnologia da Informação,Aceleração,"A iniciativa conta com um hub estatístico na Amazônia, auxiliador da transição global.",(67) 99292-5995,https://linktr.ee/geoLAB.sul
30,Mateiro Digital,Acre,Tecnologia da Informação,Ideação,A acreana Mateiro Digital é uma startup de biotecnologia no desenvolvimento de soluções tecnológicas para otimização de processos e serviços na área ambiental e florestal.,(68) 99971-4786,Instagram: https://www.instagram.com/mateirodigital/
31,Amazon-BIO,Amapá,Alimentos e bebidas,Protótipo,"O conservante natural é obtido a partir de espécies vegetais da Amazônia, com atividade de inibição da oxidação do alimento semelhante ao conservante sintético BHT in vitro, utilizado em cerca de 90% dos alimentos produzidos hoje no país.",(96) 99127-3700,Instagram: https://www.instagram.com/_amazonbio/
32,Amazon Fert,Amapá,Agricultura e Aquicultura,Protótipo,"O Biochar de Açaí, solução desenvolvida por uma empresa que transforma o caroço de açaí em biocarvão, é capaz de mudar as características físico-químicas do solo de forma permanente, o que reduz a necessidade de aplicação de fertilizantes, pois aumenta a retenção dos elementos químicos atuando como um ímã de adubo.",(96) 99113-1515,Instagram: https://www.instagram.com/amazonfert/
33,BactoLac (Freitas & Rocha LTDA),Amapá,Agricultura e Aquicultura,Protótipo,"A solução proposta pela BactoLac consiste em isolar e desenvolver probióticos a partir de microrganismos autóctones que promovem a melhoria da imunidade, da resistência contra patógenos, melhor absorção de nutrientes e redução da taxa de conversão alimentar na produção de peixes nativos como o tambaqui.",(96) 98111-7199,Instagram: https://www.instagram.com/bacto.lac/
34,Ecológica - Gestão Inteligente de Resíduos,Amapá,Agricultura e Aquicultura,Protótipo,"A Ecológica implementa e opera sistemas descentralizados de coleta seletiva de resíduos recicláveis e orgânicos, com rastreabilidade em cada etapa e garantindo o melhor destino para cada tipo de resíduo.",(96) 98115-7415,Instagram: https://www.instagram.com/ecologica.residuos/
35,Jary - Soluções Sustentáveis,Amapá,Agricultura e Aquicultura,Protótipo,"A Jary ? Soluções Sustentáveis produz ração com base nos frutos e frutas amazônicos como uma alternativa eficiente e eficaz para as pisciculturas locais, com alto valor nutricional e 20% mais barata do que a ração comercial.",(96) 99165-6639,Instagram: https://www.instagram.com/jarisolucoessustentaveis/
36,Plural Technology,Amapá,Agricultura e Aquicultura,Operação,"A Plural Technology é uma greentech que desenvolve tecnologia de automação e sensoriamento para cultivo hidropônico. Os sinais captados via IoT são processados e estão disponíveis na plataforma Meu Cultivo, que gera um banco de dados do cultivo utilizado para o desenvolvimento da inteligência.",(96) 99967-4366,Instagram: https://www.instagram.com/plural.technology/
37,Amazon-BIO,Amapá,Alimentos e bebidas,Protótipo,"O conservante natural é obtido a partir de espécies vegetais da Amazônia, com atividade de inibição da oxidação do alimento semelhante ao conservante sintético BHT in vitro, utilizado em cerca de 90% dos alimentos produzidos hoje no país.",(96) 99127-3700,Instagram: https://www.instagram.com/_amazonbio/
38,Conservas Amazônicas,Amapá,Alimentos e Bebidas,Protótipo,"A startup produz conservas artesanais feitas a partir de pescado amazônico. Os produtos utilizam, em sua formulação, diferentes molhos, espécies de peixes e camarões regionais, além de contar com embalagem retornável e reciclável e rotulagem ecológica.",(96) 98418-3082,Instagram: https://www.instagram.com/conservas_amazonicas/
39,Engenho Café de Açaí,Amapá,Alimentos e Bebidas,Operação,"A cadeia produtiva do açaí gera toneladas de resíduos orgânicos agroindustriais, causando grave impacto ambiental devido ao seu acúmulo e descarte em locais inadequados. A Engenho está reutilizando esses resíduos (caroço do açaí) como uma alternativa na produção de bebida aromática (café de açaí), diminuindo os impactos ambientais e criando uma nova fonte de renda.",(96) 99185-6389,Instagram: https://www.instagram.com/engenhocafedeacai/
40,Katu Bebidas,Amapá,Alimentos e Bebidas,Operação,"A Katu Bebidas realiza a produção de kombucha utilizando as superfrutas da Amazônia, como o camu-camu, a fruta com mais vitamina C do planeta, 100 vezes mais que o limão, com validade de 12 meses em temperatura ambiente sem pasteurizar.",(96) 99123-7961,Instagram: https://www.instagram.com/katu.bebidas/
41,Sumano Ingredientes,Amapá,Alimentos e Bebidas,Protótipo,"Também está sendo desenvolvida uma linha de produtos baseados no cupulate, um doce que é preparado a partir de sementes de cupuaçu e pode ser utilizado em confeitaria. O modelo de negócio é B2B, tendo como principais clientes redes atacadistas, supermercados e franquias de alimentação saudável, com foco em acessar mercados nacionais (Sul e Sudeste) e internacionais, os quais são receptivos a produtos voltados para alimentação saudável.",(96) 98134-1772,Instagram: https://www.instagram.com/sumano.ingredientes/
42,Trina Cervejaria,Amapá,Alimentos e Bebidas,Operação,"A Trina Cervejaria realiza a produção de cerveja com biotecnologia patenteada, que além de melhorar a qualidade da cerveja, altera de 30 dias para 48 o tempo de produção.",(96) 99123-7961,Instagram: https://www.instagram.com/trina.cervejaria/
43,Amazon Resíduos LTDA,Amapá,Bioenergia e Biocombustíveis,Protótipo,"Os biodigestores desenvolvidos pela equipe da Amazon Resíduos podem ser replicados em diversos contextos e necessidades, contando com a tecnologia dos microrganismos eficientes da Amazônia, que decompõem de forma acelerada a matéria orgânica e garantem maior obtenção de biogás. A empresa ainda visa desenvolver outros projetos bioenergéticos, como a produção e o fornecimento de energia elétrica limpa e renovável.",(96) 99186-4739,Instagram: https://www.instagram.com/amazonresiduos/
44,Construgreen,Amapá,Casa e construção,Protótipo,A Construgreen trabalha a fim de trazer soluções para o meio ambiente através de produtos que tenham o menor impacto possível na natureza e tragam desenvolvimento para a comunidade local.,(96) 99186-1617,Instagram: https://www.instagram.com/construgreen_ap/
45,Lignum Amazon,Amapá,Casa e Construção,Protótipo,"A Lignum Amazon cria peças estruturais em madeira para a construção civil a preços competitivos, com espécies da Amazônia, para atender o mercado nacional e internacional. Com práticas sustentáveis, busca também valorizar as comunidades ribeirinhas.",(96) 99131-9113,jeffeson13@hotmail.com
46,ReM TIJOLOECO,Amapá,Casa e Construção,Operação,"A ReM TIJOLOECO atua na produção de tijolos ecológicos. Eles são compostos de cimento e solo arenoso, com maior quantidade de areia e o mínimo de argila possível. Por possuir acabamento próprio, dispensa o uso de reboco, pintura e tintas.",(96) 98110-1021,Instagram: https://www.instagram.com/rem_tijoloeco/
47,Urubatan Piatã,Amapá,Casa e Construção,Operação,A Urubatan Piatã desenvolveu um produto usando as cascas da castanha que são descartadas pela indústria visando à substituição do material proveniente do petróleo.,(21) 99526-1966,http://urubatanpiata.com.br/
48,Vitrum,Amapá,Casa e Construção,Protótipo,"A Vitrum realiza a coleta de resíduos de vidro para utilizá-los na produção da areia de vidro, que poderá substituir parcial ou integralmente agregados naturais no desenvolvimento de peças feitas de concreto de forma artesanal ou para o uso na construção civil, trazendo maior sustentabilidade para o setor.",(96) 99107-9552,Instagram: https://www.instagram.com/vitrum.ap/
49,InovaManejo,Amapá,Ecoturismo e Floresta,Protótipo,"A InovaManejo foi criada com o objetivo de fomentar o manejo florestal de uso múltiplo na região amazônica. Por meio da aplicação de tecnologias, planejamento e gestão florestal, a iniciativa visa fortalecer a bioeconomia, além de promover a conservação e a manutenção da floresta em pé por meio de seu uso racional.",(96) 99112-8179,Instagram: https://www.instagram.com/inova.manejo/
50,Amazonly,Amapá,"Fármacos, Fitoterápicos e Nutracêuticos",Tração,"A Amazonly visa desenvolver e produzir extratos naturais bioativos de alta funcionalidade, provenientes do bioma amazônico e ainda pouco explorados em larga escala para o mercado nutracêutico. A iniciativa representa um novo modelo na prevenção de importantes patologias relacionadas ao declínio da saúde e decorrentes do processo de envelhecimento.",(96) 99902-2992,Facebook: https://www.facebook.com/amazonlyBR/
51,DruGet,Amapá,"Fármacos, Fitoterápicos e Nutracêuticos",Protótipo,"A plataforma integrada dá um poder de decisão mais rápido e assertivo ao cliente, permitindo que apenas as moléculas mais promissoras sigam para os futuros testes.",(96) 98133-3621,Instagram: https://www.instagram.com/druget_tech/
52,Cmella Beauty,Amapá,"Higiene, Perfumaria e Cosméticos",Operação,A Cmella Beauty é uma startup de origem Amazônica que desenvolve cosméticos naturais que reduzem impactos ambientais e promovem uma vida sustentável.,,LinkedIn: https://www.linkedin.com/company/cmellabeauty/
53,YBYRÁ Biodesign da Amazônia,Amapá,Moda e Ecodesign,Protótipo,"A YBYRÁ Biodesign da Amazônia fomenta a bioeconomia da região através da reutilização de troncos de árvores que caem de forma natural. A matéria-prima passa, então, por processo de secagem, selagem e pintura, mesclando o rústico da madeira com outros insumos para a produção de peças exclusivas, como mesas, bancadas e luminárias.",,ybyrabiodesign@gmail.com
54,Semente Nativa,Amapá,Moda e Ecodesign,Protótipo,"A Semente Nativa produz biojoias de forma sustentável a partir de resíduos de pesca que seriam descartados, como madeira, escama, espinha, cascas de árvores e de frutos.",(96) 99913-6601,Instagram: https://www.instagram.com/sementenativabiojoias/
55,TAL Ecodesign,Amapá,Moda e Ecodesign,Ideação,"A TAL Ecodesign busca aliar tecnologia ao design inovador, desenvolvendo móveis de madeira legal e com responsabilidade socioambiental por meio de parcerias com marceneiros tradicionais, arquitetos e designers.",(96) 98122-1958 e (96) 98134-3014,Instagram: https://www.instagram.com/tal_ecodesign/
56,Befer Agroindustrial e Comercial Ltda,Amapá,Químicos e Novos Materiais,Protótipo,"A Befer é uma startup que, através de pesquisa e desenvolvimento, busca ser um referencial na geração de soluções inovadoras ecológicas utilizando matérias sustentáveis para fortalecer a economia circular.",(51) 99943-0590,Instagram: https://www.instagram.com/beferseas/
57,Eco Inova,Amapá,Químicos e Novos Materiais,Protótipo,"O projeto tem como objetivo o reaproveitamento de carcaças para produzir farinha e óleo de peixe, aplicando um processo de produção inovador e capaz de promover a redução do volume de lixo orgânico (carcaça de peixe) descartado no aterro sanitário da cidade de Oiapoque, Amapá.",(96) 98806-3688,Youtube: https://www.youtube.com/watch?v=XkUs7hKLgHw
58,Mazodan Laboratório e Produtos Cimentícios,Amapá,Químicos e Novos Materiais,Protótipo,"A Mazodan visa criar produtos industrializados para construção civil utilizando minérios e sedimentos do Rio Amazonas causadores dos processos de assoreamento e degradação ambiental. O uso desses minerais resolve o problema de destinação desses sedimentos, abrindo uma nova cadeia produtiva dentro da construção com materiais que até então não tinham uso.",(96) 99129-0979,LinkedIn: https://www.linkedin.com/company/mazodan-mzd/
59,AçaíMaps,Amapá,Tecnologia da Informação,Protótipo,"A plataforma disponibiliza um gerenciamento que apresenta ao produtor rural a possibilidade de acompanhar todo o processo produtivo, desde a regularização do imóvel à etapa de comercialização de sua produção. O público-alvo são agricultores ligados a cooperativas e associações da cadeia produtiva do açaí com cultivos em sistema de terra firme, assim como em áreas de várzea com produção extrativista.",(96) 98109-3034,Instagram: https://www.instagram.com/acaimaps/
60,Meta Carbon,Amapá,Tecnologia da Informação,Protótipo,"Os compradores se cadastram na plataforma e recebem as melhores opções de projetos de créditos de carbono de acordo com sua necessidade. A Meta Carbon acompanha o match entre o comprador e o vendedor e abre as informações de contato para a negociação, acompanhando o processo até o final da transação.",(96) 98422-7829,Facebook: https://www.facebook.com/MetaCarbon
61,YWY Trace,Amapá,Tecnologia da Informação,Protótipo,"A YWY Trace desenvolveu o Certificado de Sustentabilidade com o propósito de atender a cadeia produtiva amazônica e de produtos preponderantes na região. Essa solução consegue entregar dados de manejo, sustentabilidade, perdas e até mesmo uma avaliação do usuário.",(96) 98121-8460,https://ywy-trace.webflow.io/
62,Agricon Business,Amazonas,Agricultura e Aquicultura,Operação,"A plataforma usa a tecnologia blockchain para conectar produtores rurais a compradores globais, garantindo rastreabilidade, transparência e segurança nas comercializações de produtos agrícolas.",(55) 99163-4737,Instagram: https://www.instagram.com/agriconbusiness/
63,Amazonia Bioverse,Amazonas,Agricultura e Aquicultura,Operação,"A Amazonia Bioverse desenvolveu uma tecnologia para detectar parasitas com exatidão e rapidez e ser aplicada em todas as fases da cadeia de produção do tambaqui e da piscicultura. A inovação busca diminuir as perdas econômicas, melhorar a saúde dos animais produzidos e oferecer suporte técnico para o produtor.",(92) 98170-4333,LinkedIn: www.linkedin.com/company/amazonia-bioverse
64,Bioamazon,Amazonas,Agricultura e Aquicultura,Protótipo,"A BioAmazon realiza a produção de biofertilizantes na forma liofilizada, obtendo maior viabilidade celular. Essa solução biotecnológica apresenta vantagens como validade de até 2 anos; maior segurança e confiabilidade na qualidade do produto quanto ao microrganismo isolado e livre de contaminação; e logística de distribuição facilitada por ser um produto mais leve e vendido em uma concentração alta de células.",(92) 98136-1896,LinkedIn: https://www.linkedin.com/company/bioamazon/
65,TerraMares,Amazonas,Agricultura e Aquicultura,Tração,"A TerraMares é uma biotech que conecta produtores e empresas às tecnologias de microalgas para o agronegócio. As principais áreas de atuação da startup são no desenvolvimento de bioinsumos, Pesquisa, Desenvolvimento e Inovação (P&DI) e consultoria.",(53) 99164-6134,LinkedIn: https://www.linkedin.com/company/76400881/admin/
66,Amanayara Alimentos,Amazonas,Alimentos e Bebidas,Protótipo,"A empresa deseja desenvolver uma tecnologia para produzir o análogo do caviar a partir de ovas de peixes amazônicos que são muitas vezes descartadas durante o processamento do pescado ou comercializadas com baixo valor. A ideia é transformá-las em um produto com qualidade superior, acentuando suas cores, formas e sabores, atingindo alto valor de mercado.",(92) 99363-5987,amazoniaperolas@gmail.com
67,Coimbra Alimentos da Amazônia,Amazonas,Alimentos e Bebidas,Tração,"A Coimbra Alimentos da Amazônia fabrica biscoitos e cookies regionais de castanha e cupuaçu para serem comercializados em mercadinhos, postos de conveniência, supermercados e atacadistas. Todos os produtos são livres de conservantes e corantes e feitos com responsabilidade socioambiental.",(92) 99180-2525,cttcoimbra.ts@gmail.com
68,Terramazonia Superplants,Amazonas,Alimentos e Bebidas,Operação,"A ideia é explorar a biodiversidade amazônica para a geração de uma economia socioambiental responsável e o desenvolvimento de produtos de alto valor agregado, que podem alcançar todo o mercado nacional e também mercados internacionais, assim como melhorar a qualidade de vida das comunidades ribeirinhas, com processos justos que gerem sustentabilidade e proteção ao meio ambiente.",(92) 98204-2014,Instagram: https://www.instagram.com/terramz_superplants/
69,Amazon Eco Technology,Amazonas,Bioenergia e Biocombustíveis,Protótipo,"A redução do consumo se dará na ordem de 30% e uma diminuição da emissão de gases geradores de efeito estufa na ordem de 90%, o que ajudará  na economia de custos financeiros e ambientais, inclusive apoiando a agenda 2030 do Brasil para que o país atinja as metas de redução do aquecimento global.",(92) 99304-0284,marcel_cruz@hotmail.com
70,Amazon Doors,Amazonas,Ecoturismo e Floresta,Tração,A Amazon Doors conecta empresas com comunidades para o desenvolvimento de projetos que beneficiam famílias agroextrativistas e promovem cadeias produtivas sustentáveis. O modelo de receita é por cobrança de taxa de gestão e pela execução de atividades nas comunidades beneficiadas.,(92) 98838-0520,LinkedIn:   https://www.linkedin.com/company/amazon-doors
71,iBi - Abelhas da Amazônia,Amazonas,Ecoturismo e Floresta,Protótipo,A iBi é especializada em produtos advindos das abelhas da Amazônia e serviços ecossistêmicos associados. O foco principal é a produção de extrato de própolis das abelhas indígenas sem ferrão e a oferta de serviços de assessoria em meliponicultura (criação de abelhas indígenas sem ferrão).,(92) 99194-5404,Instagram: https://www.instagram.com/ibi.abelhas/
72,Save The Green,Amazonas,Ecoturismo e Floresta,Protótipo,"A Save The Green surgiu com o objetivo de democratizar o mercado de carbono no Brasil e se tornar referência em descarbonização para pessoa jurídica e física, tendo diferentes tipos de produtos para todas as demandas.",(83) 99133-2815,Instagram: https://www.instagram.com/savethegreen.world/
73,Tupy Investimentos Agroflorestais,Amazonas,Ecoturismo e Floresta,Ideação,A Tupy deseja disponibilizar serviços como implantação e arrendamento de agroflorestas com opção de compra da propriedade ao final do contrato; cursos e treinamentos para os produtores agroflorestais; auxílio na implementação de contratos de crédito de carbono e pagamentos por serviços ambientais; compra coletiva de insumos para reduzir o custo de aquisição; auxílio na comercialização dos lotes de produção; consolidação de lotes de produtores para exportar; e selos e certificações de qualidade.,(51) 99354-1489,Instagram: https://www.instagram.com/tupyflorestal/
74,Urupy Biotech,Amazonas,"Fármacos, Fitoterápicos e Nutracêuticos",Ideação,"O primeiro projeto visa a criação de bioprodutos com potenciais terapêuticos e farmacológicos, baseados em um fungo que possui propriedades antivirais, antioxidantes, antifúngicas, antibacterianas e cicatrizantes.",(92) 98105-1594,rodrigo.felipe720@gmail.com
75,Biozer da Amazônia,Amazonas,"Higiene, Perfumaria e Cosméticos",Protótipo,"A Biozer da Amazônia, a partir de estudos científicos realizados com ativos oriundos da biodiversidade amazônica, vem desenvolvendo produtos naturais, na linha de fitoterápicos, alimentos funcionais e cosméticos naturais amazônicos.",(92) 99290-8690,Facebook: https://www.facebook.com/simbiozeamazonica/
76,KEVBeauty,Amazonas,"Higiene, Perfumaria e Cosméticos",Operação,"Marca de cosméticos nativa da região Amazônica que leva beleza e autocuidado através de produtos naturais, veganos e livres de crueldade animal, atrelados ao desenvolvimento sustentável.",(51) 99888-1139,Instagram: https://www.instagram.com/kevbeautybr/
77,Prospecta Biofábrica,Amazonas,"Higiene, Perfumaria e Cosméticos",Protótipo,"A Prospecta Biofábrica produz plantas de forma sustentável e contribui nas pesquisas de produção sustentável e conservação de espécies nativas, visando à preservação da biodiversidade amazônica.",(92) 98119-0737,Facebook: https://www.facebook.com/prospecta.am
78,Innovatus Brasil,Amazonas,"Higiene, Perfumaria e Cosméticos",Protótipo,"A Innovatus Brasil desenvolve e fabrica equipamentos inovadores baseados na técnica de micro-ondas para a extração de óleos fixos e essenciais. Em testes em laboratório, verificou-se que a tecnologia é capaz de extrair cerca de 98% de todo óleo presente na biomassa processada sem alterar as propriedades organolépticas do óleo extraído.",(19) 98978-6556,LinkedIn: https://www.linkedin.com/company/innovatusbrasil/
79,AeroRiver,Amazonas,Logística e Mobilidade,Protótipo,"A Aeroriver está projetando um ecranoplano adaptado às condições operacionais do território amazônico, batizado de Volitan. Esse veículo terá a capacidade de transporte de 10 passageiros, ou o equivalente a 1 tonelada em carga, com uma velocidade de cruzeiro de 150 km/h (3 vezes mais rápido que as lanchas mais velozes). Decolagem e pouso serão feitos nos rios, utilizando o casco desenvolvido para esse propósito e com um gasto de combustível próximo ao de um barco.",(92) 99377-6052,https://www.aeroriver.com.br/
80,Solalis - barcos elétricos,Amazonas,Logística e Mobilidade,Protótipo,"A empresa ainda desenvolve infraestrutura de eletropostos solares flutuantes, postos de carregamento equipados com painéis fotovoltaicos que abastecem os barcos com energia e trazem segurança energética aos lugares remotos.",(92) 99974-1076,LinkedIn: https://www.linkedin.com/company/solalis-barcos-eletricos/
81,Fisggar,Amazonas,Moda e Ecodesign,Protótipo,"A plataforma conecta pescadores amadores e profissionais, de forma simplificada, com operadores de turismo náutico e pesca esportiva.",(92) 8188-8401,Instagram: https://www.instagram.com/fisggar/
82,Sioduhi Studio,Amazonas,Moda e ecodesign,Protótipo,"A Sioduhi Studio usa um corante natural têxtil biodegradável feito à base de mandioca para diminuir os impactos negativos dos corantes sintéticos e agregar valor social, cultural e ambiental à indústria têxtil e da moda.",(11) 91291-8171,Instagram: https://www.instagram.com/sioduhistudio/
83,Amazonzyme,Amazonas,Químicos e Novos Materiais,Protótipo,"A Amazonzyme desenvolveu a Lipase TPI, uma enzima obtida geneticamente de Terra Preta Indígena da Amazônia que pode substituir componentes químicos de detergentes e cosméticos, aumentando a qualidade e a eficiência, além de agregar valor ecológico aos produtos.",,Linkedin:  https://www.linkedin.com/company/amazonzyme/
84,Befer Agroindustrial e comercial Ltda,Amazonas,Químicos e Novos Materiais,Protótipo,"Através de pesquisa e desenvolvimento, a Befer busca ser um referencial na geração de soluções inovadoras ecológicas por meio de materiais sustentáveis. Para isso, a empresa conta com equipe e rede de contatos especializadas e engajadas na ideia, produtos e processos sustentáveis e uma estrutura para testagem, prototipagem e experiência mercadológica.",(51) 99943-0590,Instagram: https://www.instagram.com/beferseas/
85,Bioplazon,Amazonas,Químicos e Novos Materiais,Protótipo,"A Bioplazon produz embalagens biodegradáveis, baseadas na economia circular, utilizando  subprodutos da produção amazônica. Para agregar valor a esse subproduto, a startup extrai a matéria-prima, adiciona nanotecnologia para melhorar suas propriedades mecânicas e produz as bioembalagens.",(21) 99570-7906,Instagram: https://www.instagram.com/bioplazon/
86,Chemical Treinamento e Inovação Tecnológica,Amazonas,Químicos e Novos Materiais,Operação,"A startup desenvolveu o aplicativo Marai, que mensura a qualidade da água. A tecnologia é disponibilizada de duas formas: por meio de assinatura para atender a indústrias, órgãos fiscalizadores e profissionais ambientais na realização de diagnósticos seguros e práticos; por meio de acesso liberado para a sociedade, a fim de ser um instrumento de ensino e educação ambiental.",(92) 99505-4005,Facebook: https://www.facebook.com/Chemical-Treinamento-e-Inovação-Tecnológica-LTDA-106334161545408
87,Complazon,Amazonas,Químicos e novos materiais,Protótipo,"A Complazon oferece uma solução sustentável no ramo de embalagens biodegradáveis e ecológicas, utilizando matérias-primas renováveis e gerando pellets para fornecer às indústrias.",(92) 99984-7630,http://linkedin.com/in/compósitos-plásticos-da-amazônia-complazon-5a1385244
88,Oka biotecnologia,Amazonas,Químicos e novos materiais,Tração,"As embalagens descartáveis retroalimentam o ciclo da natureza. Depois do uso, o produto se decompõe e nutre a terra. Retalhos que sobram da produção substituem os terríveis isopores que protegem certos tipos de produtos. Tudo é utilizado e depois volta para a natureza em forma de composto, gerando impacto positivo.",(14) 98142-1806,http://instagram.com/okabioembalagens
89,TerraMares,Amazonas,Agricultura e Aquicultura,Tração,"A TerraMares é uma biotech que conecta produtores e empresas às tecnologias de microalgas para o agronegócio. As principais áreas de atuação da startup são no desenvolvimento de bioinsumos, Pesquisa, Desenvolvimento e Inovação (P&DI) e consultoria.",(53) 99164-6134,LinkedIn: https://www.linkedin.com/company/76400881/admin/
90,SELVA - Amazonic Blockchain Ecosystem,Amazonas,Tecnologia da Informação,Protótipo,"Atualmente, existem duas ferramentas no aplicativo da empresa: SELVA Service, um marketplace de ativos naturais amazônicos e Rede SELVA, que captura e padroniza dados e informações a partir da conexão de projetos e produções agrícolas.",(92) 99264-3800,Instagram: https://www.instagram.com/selva.eco/
91,Apys,Maranhão,Agricultura e Aquicultura,Protótipo,"A Apys é uma plataforma inteligente que tem o objetivo de ajudar pequenos e médios criadores de abelhas na aquisição de técnicas avançadas de manejo e no acesso ao mercado. Para isso, disponibiliza capacitação, desenvolvimento e acesso aos canais de venda através de um aplicativo de manejo inteligente, um marketplace segmentado e um portal de conhecimento.",(21) 97029-5334,Facebook: https://www.facebook.com/AppApys
92,Ar Inovações Tecnológicas,Maranhão,Agricultura e Aquicultura,Protótipo,"A empresa realiza monitoramento dos parâmetros de qualidade da água em tempo real para criação de peixes e camarão, além de hiperautomação dos sistemas.",(63) 99914-3954,LinkedIn: https://www.linkedin.com/in/alex-martins-21a4b549/
93,Carnaúba Business,Maranhão,Agricultura e Aquicultura,Ideação,"No mundo, o Brasil é o único que produz a cera da carnaúba, que tem sido empregada em diferentes segmentos pelo mercado, com potencial bioeconômico de comercialização estimado em milhões de reais ao ano. Com isso em mente, a Carnaúba Business visa estruturar o aproveitamento dessa matéria-prima a partir da agricultura familiar e agroextrativista no leste maranhense.",(98) 98544-3380,Instagram: https://www.instagram.com/carnaubama/
94,BioBee MA,Maranhão,Alimentos e Bebidas,Protótipo,"A BioBee MA tem como objetivo de introduzir, no estado maranhense, bebidas com características ligadas à abelha tiúba, a abelha do Maranhão, tendo como produto principal o hidromel, fermentado com leveduras extraídas do próprio mel da abelha.",(98) 99101-4331,Instagram: https://www.instagram.com/biobeema_/
95,Bites Sabores da Amazônia - Amore Confeitaria,Maranhão,Alimentos e Bebidas,Protótipo,"A Bites Sabores da Amazônia transforma os sabores da região em pequenas porções de sabor (os bites) por meio de técnicas de confeitaria. A ideia é levar as características dos frutos típicos ao mundo e oferecer ao cliente a oportunidade de conhecer vários sabores em uma caixinha só, num mix de sabores, texturas e culturas.",(63) 98150-9049,Instagram: https://www.instagram.com/amorepmw/
96,Farm Inbox Ltda,Maranhão,Alimentos e Bebidas,Operação,"O modelo de negócio B2B oferece serviços que melhoram as funções gerenciais de empresas com ofertas estáveis de produtos mais frescos e nutritivos e até 35% mais baratos, devido à menor distância entre a fazenda e a mesa.",(98) 98283-6819,Instagram: https://www.instagram.com/pauloalexandre.fernandes.18/
97,GIN Luar,Maranhão,Alimentos e Bebidas,Operação,"O Luar é, atualmente, o primeiro e único gim produzido no Maranhão. Proveniente da destilação da combinação de bagas de zimbro (Juniperus communis) com botânicos regionalmente maranhenses, a bebida segue padrões fabris preestabelecidos mundialmente, destilado em destiladores de cobre artesanais e em conformidade com os procedimentos regularizados pelo Ministério da Agricultura, Pesca e Abastecimento (MAPA).",(98) 98344-0303,Instagram: https://www.instagram.com/gin.luar/
98,Lab Inova,Maranhão,Alimentos e Bebidas,Protótipo,"O propósito da Lab Inova é realizar análises físicas, químicas e microbiológicas de leite e derivados para produtores do setor.",(98) 98919-9063,labinova2022@gmail.com
99,Meltech Biotecnologia,Maranhão,Alimentos e Bebidas,Ideação,"A Meltech é uma startup cujo objetivo é entregar produtos sem conservantes, naturais e seguros, de modo a melhorar a qualidade de vida das pessoas.",(84) 98703-8663,https://www.instagram.com/yra_hidromel/
100,Bihomun Energy,Maranhão,Bioenergia e Biocombustíveis,Protótipo,A Bihomun Energy realiza a produção de energia para a indústria utilizando rejeitos agrícolas.,(27) 99953-8294,Instagram: https://www.instagram.com/bihomunenergy/
101,Amazon Experiences,Maranhão,Ecoturismo e Floresta,Protótipo,"A meta é expandir e disseminar o uso da plataforma em todos os estados da Amazônia Legal, bem como divulgar e promover o turismo na Região Norte do Brasil, visto que é uma região com amplo potencial turístico.",(63) 99959-0459,Instagram: https://www.instagram.com/amazonexperiences/
102,Bússola Socioambiental,Maranhão,Ecoturismo e Floresta,Protótipo,"O serviço alia a apreciação da natureza à capacitação dos clientes em oficinas de educação ambiental, além de promover consciência sustentável, ecológica e inovadora.",(98) 98123-3130,LinkedIn: https://www.linkedin.com/company/b%C3%BAssola-socioambiental/about/
103,Expert Aplicativos para Organizações,Maranhão,Ecoturismo e Floresta,Protótipo,"Pensando em criar uma solução que gerasse valor para governos e empresas do setor do turismo e com a premissa de preservação dos ecossistemas, a EXPERT desenvolveu o aplicativo TURISMO 4.0, que, além de promover os destinos brasileiros, monitora o fluxo de visitantes nos atrativos turísticos, possibilitando a identificação do seu perfil e o controle da capacidade de carga, gerando ainda informações para o recolhimento de ISSQN para as prefeituras e o investimento no setor.",(99) 98136-0824,Instagram: https://www.instagram.com/expert.app.br/
104,Hidrogel Natural,Maranhão,Ecoturismo e Floresta,Protótipo,"Espera-se que este projeto de produção do hidrogel natural possa representar uma grande vantagem frente aos demais, pois, além de representar uma inovação tecnológica na produção de hidrogéis naturais, pode ainda impulsionar a economia local e o desenvolvimento da região.",(63) 99934-7113,flaviasouzaagrobiental@hotmail.com
105,Hempense,Maranhão,"Fármacos, Fitoterápicos e Nutracêuticos",Protótipo,"Buscando repensar o uso da cannabis no Brasil, a Hempense desenvolve formulações cosméticas e fitoterápicas, além de pesquisas sobre germoplasmas, análises de qualidade e incentivos à conscientização e à educação científica sobre o uso da planta.",(98) 99130-0202,Instagram: https://www.instagram.com/hempense.startup/
106,Instituto Amazônia de Tecnologias Sustentáveis (IAMTEC),Maranhão,"Fármacos, Fitoterápicos e Nutracêuticos",Protótipo,"A IAMTEC é uma empresa de base tecnológica, com atuação principal na pesquisa e desenvolvimento de produtos de biotecnologia voltados para a resolução de problemas e prestação de serviços nas áreas de agricultura, alimentos e cosméticos.",(63) 9844-5503,Facebook: https://www.facebook.com/iamtecdiretoria
107,Memória Ancestral,Maranhão,"Fármacos, Fitoterápicos e Nutracêuticos",Protótipo,"Healthtech focada em investigar plantas medicinais amazônicas com tradição de uso visando ao desenvolvimento de medicamentos fitoterápicos para o doença de Alzheimer. Com modelo B2B, a Memória Ancestral atua com transferência de tecnologia para indústrias e laboratórios de produtos naturais.",(98) 98880-8727,Instagram: https://instagram.com/ancestral.memory?igshid=YmMyMTA2M2Y=
108,QTM Healthtech,Maranhão,"Fármacos, Fitoterápicos e Nutracêuticos",Operação,"Além disso, conta com eixo biotec focado em investigar, computacionalmente, moléculas presentes em plantas medicinais amazônicas, com potencial terapêutico, para o desenvolvimento de medicamentos fitoterápicos para o Doença de Alzheimer. Com modelo B2B, a Memória Ancestral atua com transferência de tecnologia para indústrias, empresas e laboratórios de produtos naturais.",(98) 98331-8460,Instagram: https://instagram.com/qtmhealthtech?utm_medium=copy_link
109,Vitaminas da Amazônia,Maranhão,"Fármacos, Fitoterápicos e Nutracêuticos",Ideação,"O betacaroteno é um suplemento vitamínico importado e de elevado custo para as farmácias de manipulação do Brasil. A solução da Vitaminas da Amazônia é produzir o betacaroteno localmente e vendê-lo em pó e natural em pacotes de 100 gramas, de forma online.",(16) 99744-8869,welitonbatiston@hotmail.com
110,Midas Pet & Life,Maranhão,"Higiene, Perfumaria e Cosméticos",Operação,"Para combater a falha na pelagem de animais, decorrentes de lesões na pele, a Midas Pet & Life elaborou uma fórmula a partir de extratos botânicos de mastruz associados ao óleo de babaçu e criou o Pelonete, sabonete pet que, além de promover o reestabelecimento dos pelos de cães e gatos, promove a higiene e o bem-estar dos pets.",(98) 98115-2885,Instagram:https://www.instagram.com/midaspetlife/
111,Mara SenseS,Maranhão,"Higiene, Perfumaria e Cosméticos",Protótipo,"Com qualidade artesanal, os produtos Mara SenseS são produzidos a partir de substâncias naturais que promovem hidratação profunda da pele, perfumação prolongada e proteção antibacteriana por meio da nanotecnologia.",(98) 98254-5677,Instagram:https://instagram.com/marasenses?utm_medium=copy_link
112,DiamondBigger Supply Chain,Maranhão,Logística e Mobilidade,Operação,"A DiamondBigger oferece serviços, como predição de demanda, sortimento por região, otimização de recursos logísticos e operação de estoque itinerante.",(27) 99953-8294,Instagram: https://www.instagram.com/diamondbigger_/
113,Artesãos de Santa Maria,Maranhão,Moda e Ecodesign,Operação,"Grupo de artesãos que fabricam produtos com a fibra do buriti, tecidos e teares manuais.",(98) 9166-4450,Leinhaaaraujo@gmail.com
114,Biocy - Soluções Ambientais,Maranhão,Químicos e Novos Materiais,Ideação,"A iniciativa, visando promover o desenvolvimento sustentável e alcançar metas da Agenda 2030, incluiu comunidades tradicionais ao longo do processo de obtenção e reutilização de biomassas, auxiliando no acesso à educação, na socialização e na valorização da identidade de tais povos.",(98) 98458-2975,https://linktr.ee/biocy
115,DB Super Materials,Maranhão,Químicos e Novos Materiais,Protótipo,"A DB Super Materials é focada em nacionalizar a produção de diamantes industriais. Além disso, busca incluir no catálogo produtos com “supermateriais”, visando agregá-los à cadeia de materiais.",(27) 99930-6721,https://www.dbiggermaterials.com/
116,EDO Edtech,Maranhão,Tecnologia da Informação,Ideação,"A ideia possibilita aos educadores novas formas de deixar sua metodologia de ensino mais atraente, prendendo a atenção do novo perfil dos alunos, que já possuem contato com a tecnologia.",(98) 98142-4661,Instagram: https://instagram.com/edoedtech?igshid=YmMyMTA2M2Y=
117,Environment Inteligência de Negócios e Tecnologia,Maranhão,Tecnologia da Informação,Operação,Analysis: BI de tomada de decisão sobre impactos ambientais de rodovias e ferrovias na biodiversidade.,(35) 99992-5353,Facebook:https://www.facebook.com/Environbit/
118,Geo Bee AM,Maranhão,Tecnologia da Informação,Ideação,"A solução permitirá que as abelhas tenham melhor aproveitamento da florada, contribuindo para o aumento da produção do mel e da produtividade agrícola da região amazônica, com frutos melhores polinizados e, consequentemente, maiores.",,Instagram: https://www.instagram.com/beeappam/
119,Jiquitaia Produções,Maranhão,Comunicação e Entretenimento,Operação,"Jiquitaia Produções desenvolve soluções para projetos das mais variadas formas de expressão artística, além de promover eventos culturais, audiovisuais e agenciar artistas.",(63) 99971-2201,jiquitaiaproducoes@gmail.com
120,EcoSolux,Pará,Agricultura e Aquicultura,Protótipo,"Mais de 50% dos resíduos gerados diariamente nas casas são orgânicos. Todo esse resíduo descartado de forma indevida causa diversos problemas socioambientais, desde o desperdício de alimentos, impactos negativos no meio ambiente até a propagação de doenças. Para solucionar a falta de gestão de resíduos, a EcoSol visa oferecer um serviço de compostagem, transformando os resíduos orgânicos em adubo e biofertilizantes.",(91) 98735-2984,Instagram: https://www.instagram.com/eco.solux/
121,Pirarucu Da Mexiana,Pará,Agricultura e Aquicultura,Operação,"O Pirarucu Da Mexiana realiza o cultivo do Pirarucu nativo, com práticas de manejo sustentáveis, promovendo a reintrodução da espécie e a manutenção de ecossistemas ameaçados.",(91) 99173-1142,Instagram: https://www.instagram.com/pirarucudamexiana/
122,Track Things,Pará,Agricultura e Aquicultura,Operação,"Com foco em tecnologia da informação e engenharia de produção, a Track Things desenvolve sistemas e equipamentos inteligentes que se conectam com outros equipamentos e sistemas com expressiva melhora nas operações.",(11) 98764-7776,Instagram: https://www.instagram.com/track_things/
123,Deveras Amazônia,Pará,Alimentos e Bebidas,Operação,"O próximo projeto é a linha Sementes da Amazônia, que usa produtos desidratados como Açafé (bebida funcional do caroço de açaí) e cupulate.",(93) 99111-2611,Instagram: https://www.instagram.com/deveras_amazonia/
124,Flor de Jambu,Pará,Alimentos e Bebidas,Tração,"A Flor de Jambu é um canal de acesso a produtos amazônicos por meio de um modelo omnichannel, onde atuam com e-commerce especializado, loja física, marketplaces e centro logístico para distribuição, representação e armazenamento desses produtos.",(11) 99704-3223,LinkedIn: https://www.linkedin.com/company/flordejambu-com
125,Hidromel Uruçun da Amazônia,Pará,Alimentos e Bebidas,Tração,A Hidromel Uruçun é um negócio autossustentável que utiliza o mel das abelhas sem ferrão e fortalece a bioeconomia local e a cadeia produtiva da região.,(91) 98490-5523,Instagram: https://www.instagram.com/hidromelurucun/
126,Jambu Sinimbu,Pará,Alimentos e Bebidas,Operação,"Hoje, contam com uma variada cartela de produtos, como a cachaça de jambu com cumaru, molho de pimenta, conservas, vodka e o inusitado extrato de jambu Tremidão, utilizado em drinks exóticos e conhecido como um poderoso estimulante sexual tópico.",(91) 98154-0067,Instagram: https://www.instagram.com/jambusinimbu/
127,LioVitta,Pará,Alimentos e Bebidas,Tração,"A LioVitta é uma foodtech Amazônica que desenvolve e produz alimentos e bebidas liofilizadas. A liofilização é um tecnologia de conservação de alimentos que remove a água, mantendo intacto todo o valor nutricional e organoléptico do alimento in natura.",(91) 98596-3232,Instagram: https://www.instagram.com/liovitta_br/
128,Amazon Rhiira,Pará,Bioenergia e Biocombustíveis,Operação,"A empresa, já com pedido de patente, possui certificações da multinacional Magnetti Marelli, SEST/SENAT/PA, Bombeiros/PA e selo verde outorgado pelo ICMBio (Instituto Chico Mendes de Conservação e Biodiversidade).",(91) 99375-3827,Facebook: https://www.facebook.com/amazonrhiira/
129,BiHomun Energy,Pará,Bioenergia e Biocombustíveis,Protótipo,"A BiHomun Energy realiza a produção de biometano e biobutanol, biocombustíveis de baixa emissão de carbono feitos à base de vegetais e alimentos descartados, fornecidos por comunidades e cooperativas.",(27) 99297-4993,LinkedIn: https://www.linkedin.com/company/byhomun-energy/
130,UNAÍ BIOPAINÉIS SUSTENTÁVEIS LTDA,Pará,Casa e Construção,Protótipo,"A startup deseja, com a sua atuação, contribuir para a diminuição do desmatamento de flora nativa com uma produção sustentável e fazer produtos de qualidade com a cara da Amazônia.",(91) 99123-0808,LinkedIn: https://www.linkedin.com/in/una%C3%AD-%E2%80%93-ecologic-b451a8211/
131,Startup Triplo-S,Pará,Ecoturismo e Floresta,Protótipo,"A conexão entre Sellers e Travelers acontece de forma ágil e simples, com apenas alguns cliques. Travelers são turistas que buscam, reservam ou usam produtos turísticos sob medida. Essa janela de oportunidades potencializará o impacto positivo no destino por meio da conexão de turistas de todo o mundo com povos e comunidades na Amazônia.",,www.itripsx.com.br
132,Neuroprotect,Pará,"Fármacos, Fitoterápicos e Nutracêuticos",Protótipo,"Com uma equipe formada por neurocientistas, biólogos, agrônomos e engenheiros químicos, o modelo de negócios da startup é a transferência de tecnologia para empresas de biotecnologia e empresas farmacêuticas.",(93) 99107-0977,LinkedIn: https://www.linkedin.com/in/walace-gomes-leal-phd-in-exp-neuropathology-ceo-and-founder-neuroprotect-biotech-9b84892a/
133,Unlimited Bio Supplements,Pará,"Fármacos, Fitoterápicos e Nutracêuticos",Operação,"O objetivo principal da Unlimited Bio Supplements é trazer, para o mercado, produtos inovadores com princípios ativos da região amazônica que possuam comprovadamente algum benefício relacionado ao combate e controle de determinadas doenças e à melhoria do bem estar físico e mental.",(31) 99134-8886,Instagram: https://www.instagram.com/unlimitedbios/
134,Ekilibre Amazônia,Pará,"Higiene, Perfumaria e Cosméticos",Operação,A Ekilibre Amazônia produz artesanalmente 28 tipos de cosméticos e produtos de higiene pessoal sem conservantes e veganos. As matérias-primas são extraídas de maneira sustentável por famílias de ribeirinhos.,(11) 98906-6023,Instagram: https://www.instagram.com/ekilibreamazonia/
135,Paraoil,Pará,"Higiene, Perfumaria e Cosméticos",Operação,"A Paraoil é uma empresa especializada na extração de óleos e manteigas naturais à base de sementes extraídas da Floresta Amazônica, que fornece seus produtos para empresas do ramo cosmético e alimentício.",(91) 98874-0867,Instagram: https://www.instagram.com/paraoil_/
136,SCS Sustainability & Innovation,Pará,"Higiene, Perfumaria e Cosméticos",Protótipo,"O composto biológico é conhecido como biossurfactante (BS) e é produzido por bactérias eficientes, usando fontes renováveis da região amazônica como matéria-prima. Ele é uma alternativa ambientalmente aceitável para substituir os surfactantes químicos. Possuem, ainda, potencial para aplicações nas indústrias de higiene, de perfumaria, cosmética, farmacêutica, alimentícia, mineração, petrolífera e na biorremediação.",(71) 99266-1633,Instagram: https://www.instagram.com/biossurfactante/
137,Ver o Fruto,Pará,"Fármacos, Fitoterápicos e Nutracêuticos",Protótipo,"A Ver o Fruto desenvolveu um sistema de tratamento da água do rio com a semente do açaí, tornando-a própria para o consumo humano. Para ajudar as comunidades que não podem arcar com o valor do sistema, a empresa realiza a venda de sabonetes faciais produzidos com a semente residual do açaí: a cada sabonete vendido, R$1 é destinado à construção de um sistema para comunidades vulneráveis.",,Instagram: https://www.instagram.com/verofrutopa/
138,Radar e Tecnologia LTDA,Pará,Logística e Mobilidade,Protótipo,A Radar e Tecnologia deseja disponibilizar as melhores soluções em tecnologias de sinalização de navegação segura em embarcações de pequeno e médio porte nos rios da Amazônia.,(91) 99202-8842,https://www.radarnaval.com.br/
139,Cuia Co Lab,Pará,Moda e Ecodesign,Ideação,"A solução visa substituir materiais tóxicos que geralmente são usados nas casas e contribuem para a crise ambiental e fortalecer as comunidades artesãs locais, gerando nova fonte de renda.",,Instagram: https://www.instagram.com/cuiacolab/
140,Biogenic,Pará,Químicos e Novos Materiais,Operação,O projeto atual da empresa visa desenvolver outros materiais feitos a partir das conchas de ostras residuais do cultivo paraense.,(91) 98465-6386,biogenic0522@gmail.com
141,Biomimética Biotecnologia,Pará,Químicos e Novos Materiais,Protótipo,"O Revfood é uma película imperceptível ao olho humano, sem sabor, feita a partir de casca de frutas, que, ao ser despejada sobre o alimento, forma uma barreira protetora capaz de prolongar o tempo de prateleira.",(91) 98919-1415,Instagram: https://www.instagram.com/bio.mimetica/
142,Directto,Pará,Tecnologia da Informação,Protótipo,"A Directto tem o objetivo de conectar negócios e tornar a jornada de comercialização de alimentos mais transparente e ágil. Para isso, está desenvolvendo uma plataforma onde os produtores possam expor seus produtos e acessar as ferramentas e os serviços necessários para realizar a exportação sem burocracia.",(93) 99122-0020,LinkedIn: https://www.linkedin.com/company/directto-tech
143,NFTs da Amazônia,Pará,Tecnologia da Informação,Protótipo,"Utilizando uma tecnologia disruptiva (blockchain), a NFTs da Amazônia tem como objetivo oferecer treinamentos, consultorias e soluções de software para pessoas e empresas que precisam de transparência e segurança em seus processos.",(91) 98536-2394,Instagram: https://www.instagram.com/amazonia.nft/
144,Softsul Sistemas,Pará,Tecnologia da Informação,Tração,"Ele ainda permite a apuração de despesas relacionadas ao cultivo, por safra, fazenda, campo de produção/talhão, permitindo assim uma melhor precificação e comercialização dos produtos agrícolas aumentando a lucratividade.",(66) 3424-2661,LinkedIn: https://www.linkedin.com/in/softsulsistemasoficial/
145,Vita Digital Soluções,Pará,Tecnologia da Informação,Operação,"A Vita Digital é uma empresa de consultoria especializada em engenharia organizacional e tecnologias digitais. As soluções são focadas na geração de valor e maximização dos resultados do negócio dos clientes por meio da atuação em diferentes áreas de gestão e processos (gestão estratégica, gestão da inovação e gestão de projetos), além de apoio no processo de transformação digital.",(21) 98142-9373,www.vitadigital.com.br
146,Biotecland Rondônia,Rondônia,Agricultura e Aquicultura,Operação,"A Biotecland é uma startup de agronomia e biotecnologia especializada em microalgas para agricultura sustentável. Utilizando a agrobiotecnologia, a empresa desenvolve produtos com baixo custo para promover a agricultura regenerativa e a biodiversidade com o uso de microrganismos que melhoram a qualidade do solo, promovem resistência na planta e aumentam a produtividade.",(61) 99958-2067,Linkedin: https://www.linkedin.com/company/biotecland/
147,Bussola.farm,Rondônia,Agricultura e Aquicultura,Operação,"A Bussola.farm é uma startup responsável pela plataforma MaPeixe, que realiza o sensoriamento remoto e a geolocalização de criadores de peixes. Combinando dados gerados com tecnologias de ponta como satélites e somando os dados obtidos em pesquisas de campo, a empresa facilita a localização do piscicultor de forma simples e eficaz. Com os dados coletados, as empresas do agronegócio podem vender e prospectar novos clientes de forma mais eficiente.",(69) 99366-8699,FaceBook: https://www.facebook.com/bussola.farm
148,Coopax Produção Agroecológica,Rondônia,Agricultura e Aquicultura,Tração,"A Coopax Produção Agroecológica é uma cooperativa que visa ao desenvolvimento sustentável e bem-estar social para a comunidade em que está inserida, bem como em âmbito nacional. A cooperativa, ao lado de outros parceiros e da comunidade, propõe-se a criar ações efetivas de fortalecimento institucional, diálogo sociais, alternativas econômicas e socioambientais.",(69) 9996-0609,Facebook: https://www.facebook.com/coopax/
149,Laboratório M&S Biotechnology,Rondônia,Agricultura e Aquicultura,Protótipo,"O Laboratório M&S Biotechnology é uma empresa especializada em micropropagação de plantas in vitro, com foco em orquídeas. A empresa fornece orquídeas nativas da Amazônia com alta qualidade fitossanitária e padrão genético, além de serviço especializado em germinação e clonagem in vitro.",(69) 98441-1662,Instagram: www.instagram.com/labmstech
150,ReSeBa,Rondônia,Agricultura e aquicultura,Operação,"A ReSeBa, Rede de Sementes da Bioeconomia, é uma startup que busca conectar pessoas que coletam sementes da biodiversidade amazônica àquelas que precisam comprá-las. O objetivo é estruturar a cadeia de fornecimento, o armazenamento e o acesso aos mercados de sementes florestais nativas da Amazônia com o intuito de viabilizar, organizar e ampliar a capacidade de fornecimento de sementes para restauração ecológica e para a agricultura regenerativa.",(69) 99209-0258,Instagram: www.instagram.com/sementes_amazonia
151,Amazô Kombucha,Rondônia,Alimentos e bebidas,Tração,"A iniciativa tem o compromisso de produzir um kombucha de qualidade, estável, com baixo teor calórico e saboroso.",(69) 99912-1855,https://instagram.com/amazokombucha
152,Hub Conexões Alimentares,Rondônia,Alimentos e Bebidas,Ideação,"A Hub Conexões alimentares é um hub de agroindústrias de alimentos amazônicos com uma proposta inovadora e biossustentável que visa conectar os produtos fabricados ou elaborados por agricultores familiares e povos tradicionais à centros de comércio, gerando novas oportunidades de negócio e difundindo produtos oriundos de Rondônia e de toda a Região Norte.",(69) 99936-8567,samirborges588@gmail.com
153,BiHomun Energy,Rondônia,Bioenergia e Biocombustíveis,Protótipo,"A BiHomun Energy promove o uso de fontes renováveis de energia para incentivar um futuro sustentável e igualitário. A empresa presta consultoria de migração de processos industriais para uma matriz energética sustentável para indústrias,produzida com rejeitos agrícolas e seguindo as diretrizes de ESG (governança ambiental, social e corporativa).",(27) 99758-3011,Linkedin: https://www.linkedin.com/company/byhomun-energy
154,Made in Roça,Rondônia,Ecoturismo e Floresta,Protótipo,"Uma plataforma-vitrine de histórias dos saberes tradicionais amazônicos. Por meio da plataforma, o mundo poderá conhecer de fato a Amazônia: seu povo, suas tradições e seus saberes milenares. A plataforma visa dar protagonismo aos detentores dos saberes e gerar valor e renda para essas pessoas e para a comunidade na qual estão inseridas.",(69) 98128-0166,
155,Meu Pé de Árvore,Rondônia,Ecoturismo e Floresta,Tração,"A Meu Pé de Árvore é uma startup que viabiliza a recuperação de áreas degradadas por meio da restauração de ecossistemas na Amazônia e da implementação de sistemas produtivos regenerativos. Com apoio financeiro de empresas, os agricultores familiares da região atuam no plantio das árvores e utilizam o ativo florestal para autofinanciar a propriedade rural e a restauração do meio ambiente em um ciclo contínuo e saudável, proporcionando a manutenção de importantes serviços ecossistêmicos.",(69) 98113-2130,https://linktr.ee/meupedearvore
156,Saboaria Rondônia,Rondônia,"Higiene, Perfumaria e Cosméticos",Operação,"A Saboaria Rondônia foi inspirada no sonho e na persistência de mulheres empreendedoras rurais no interior de Rondônia. Com um trabalho idealizado e gerenciado por mulheres, a empresa cria produtos que aliam a preservação ambiental, o empoderamento feminino e o desenvolvimento socioeconômico. Utilizando a biodiversidade amazônica, elas criam itens de cuidados para a pele únicos e que oferecem uma experiência inesquecível. Para elas, muito além do cuidado com a pele, é importante também o cuidado com a natureza.",(69) 99209-5122,Facebook: www.facebook.com/saboariarondonia
157,ReSeBa,Rondônia,Agricultura e aquicultura,Operação,"A ReSeBa, Rede de Sementes da Bioeconomia, é uma startup que busca conectar pessoas que coletam sementes da biodiversidade amazônica àquelas que precisam comprá-las. O objetivo é estruturar a cadeia de fornecimento, o armazenamento e o acesso aos mercados de sementes florestais nativas da Amazônia com o intuito de viabilizar, organizar e ampliar a capacidade de fornecimento de sementes para restauração ecológica e para a agricultura regenerativa.",(69) 99209-0258,Instagram: www.instagram.com/sementes_amazonia
158,Ateliê ArtsClassDecor,Rondônia,Moda e ecodesign,Protótipo,O Ateliê ArtsClassDecor é uma empresa familiar que oferece artefatos com requinte e modernidade. O negócio é dedicado ao consumo sustentável e à responsabilidade ambiental. A empresa transforma artigos naturalmente descartados na natureza e transforma-os em peças decorativas.,(68) 99904-2956,Facebook: https://www.facebook.com/profile.php?id=100075479914064
159,Ateliê Meu Pé Palito,Rondônia,Moda e ecodesign,Protótipo,"O Ateliê Meu Pé de Palito transforma resíduos sólidos de madeira que são descartados de forma inadequada nas ruas e produz peças sob o preceito autossustentável. A empresa tem linhas de brinquedos educativos, decoração, utensílios domésticos e biojoias, todos eles feitos de madeira reaproveitada.",(68) 99964-0350,Instagram: https://www.instagram.com/meupepalito_ruthpaiva/
160,Uze Amazônida,Rondônia,Moda e ecodesign,Operação,"A Uze Amazônida nasceu do desejo real de tingir o mundo com plantas, raízes e ervas. As criações da marca são feitas à mão com design empático, afetivo e atemporal, com tingimento natural e tecendo conexões através da memória afetiva e valores emocionais em cada peça.",,Instagram: https://www.instagram.com/uzeamazonida/
161,Cooltivando Vida,Rondônia,Tecnologia da informação,Escala,"Com foco na legalização digital de produtos processados de origem animal e vegetal, proporciona maior agilidade às prefeituras e ao setor público, valorizando a cultura e mercado local.",(41) 99118-6630,http://instagram.com/cooltivandovida
162,Floresta Hub,Rondônia,Tecnologia da Informação,Protótipo,"A Floresta Hub tem o propósito de dar protagonismo aos povos da floresta na construção de um novo modelo econômico colaborativo, eficiente e sustentável. A empresa conecta iniciativas e experiências locais que subsidiam a formulação de políticas subnacionais e nacionais para alavancar a biodiversidade, biotecnologia e bioeconomia na região e o surgimento de novos investimentos para a Amazônia.",(11) 99494-2157,Instagram: www.instagram.com/floresta_hub
163,Recycle Eco Maker,Rondônia,Tecnologia da informação,MVP,Empresa de criação e formação de novas ideias e produtos ligados à inovação e tecnologia.,(68) 99207-6671,https://recycloecomaker.com.br/
164,Agranus,Roraima,Agricultura e Aquicultura,Protótipo,"A Agranus visa desenvolver tecnologias voltadas para o bem-estar do homem do campo, como a tecnologia da colheita inteligente do açaí, dispensando a escalada e os animais peçonhentos, tornando o trabalho mais seguro e produtivo devido à sua maior capacidade operacional. Através de um produto exclusivo, o Climbot, ainda em desenvolvimento, a colheita é automatizada em uma velocidade cinco vezes superior à realizada manualmente.",(95) 99143-9841,Instagram: https://www.instagram.com/composta.rr/
165,Biotech Mudas,Roraima,Agricultura e Aquicultura,Operação,"As mudas produzidas apresentam uniformidade no desenvolvimento, permitindo uniformização do plantio, sincronização da colheita (precocidade de desenvolvimento das mudas a campo, floração e frutificação) e obtenção de plantas com garantia de qualidade genética.",(95) 98120-6059,nilmacoly@hotmail.com
166,CompostaRR Fertilizantes Orgânicos,Roraima,Agricultura e Aquicultura,Ideação,A empresa tem dois principais segmentos de mercado: o de fertilizantes orgânicos e o de destinação adequada de resíduos orgânicos. Os fertilizantes orgânicos são comercializados diretamente com os produtores rurais ou com casas agropecuárias; já o serviço de destinação de resíduos orgânicos é prestado mediante contrato de prestação de serviço.,(95) 3238-1994,Instagram: https://www.instagram.com/composta.rr/
167,Roraiagro,Roraima,Agricultura e Aquicultura,Protótipo,"Além da tecnologia inovadora, a marca propõe um modelo de negócio em que a tecnologia será acessível a todos por meio de aluguel dos equipamentos. O aumento esperado para a produção e para a segurança do trabalhador justificam a adesão do Climbot pela cadeia produtiva do açaí.",(95) 99143-9841,Facebook: https://www.facebook.com/Roraiagro-101445881846292
168,SOLO Soluções Agroecológicas,Roraima,Agricultura e Aquicultura,Tração,"O negócio oferece soluções em análises agronômicas a clientes de diversos segmentos, com ênfase no agronegócio, para proporcionar melhores resultados. A SOLO realiza análises que abrangem todos os ciclos da produção agrícola, gerando informações essenciais para tomadas de decisão.",(95) 99122-2062,https://solorr.com.br/
169,Fermenta+,Roraima,Alimentos e Bebidas,Protótipo,"A empresa tem como objetivo entregar ao consumidor leveduras que são capazes de reduzir o custo de produção, eliminar ou diminuir dores do setor de cervejaria artesanal — tempo de produção e padronização durante a fermentação —, mostrando-se economicamente viável e sustentável.",(95) 99170-6779,https://solorr.com.br/
170,Picoleteria Sabores da Amazônia,Roraima,Alimentos e Bebidas,Operação,"A picoleteria produz picolés a partir de espécies nativas do estado de Roraima. Além da refrescância, o picolé oferece sabor diferenciado e propriedades nutracêuticas que estão presentes nas frutas nativas. Esses nutrientes contribuem para a saúde e o bem-estar da população.",(95) 99166-1399,anacleiagarciaribeiro2016@hotmail.com
171,Roraifrut,Roraima,Alimentos e Bebidas,Operação,"Nos últimos tempos, a marca conseguiu alcançar novas perspectivas e metas empresariais em pontos específicos, o que resultou em grandes melhorias, como aumento de vendas, fidelização de novos clientes e inclusão de novos sabores no portfólio da empresa.",(95) 9914-5630,Instagram: https://instagram.com/roraifrut?igshid=YmMyMTA2M2Y=
172,BiHomun Energy,Roraima,Bioenergia e Biocombustíveis,Protótipo,"A empresa atua no fornecimento de fonte sustentável, obtida através de rejeitos agrícolas, para a indústria.",(27) 99758-3011,Linkedin: https://www.linkedin.com/company/byhomun-energy/
173,MaisRR | Imersão na Amazônia,Roraima,Ecoturismo e Floresta,Protótipo,"Com o foco em oferecer à clientela uma experiência imersiva na Amazônia, a MaisRR proporciona hospedagens personalizadas e uma vivência inesquecível por meio do ecoturismo e etnoturismo, bem como a oportunidade de desfrutar de produtos encontrados somente na Amazônia.",(95) 99153-6979,Facebook: www.facebook.com/maisrronline
174,Rota Norte Viagens,Roraima,Ecoturismo e Floresta,Operação,"A empresa entrou no mercado a partir da união de dois profissionais com experiências vindas de diferentes áreas de formação: Turismo e Administração. Ao longo da jornada, os empresários sempre se propuseram a oferecer um serviço de alta qualidade. Além de indicar itinerários e comercializar passagens aéreas e terrestres, seguros e outros serviços de viagem, o negócio oferece orientação personalizada por entender que uma viagem pode ser a realização pessoal de sua clientela.",(95) 99166-8090,Instagram: https://instagram.com/rotanorteviagens
175,Treeback Tecnologia Ambiental,Roraima,Ecoturismo e Floresta,Operação,"Os produtos comprados através da plataforma da Treeback saem pelo mesmo preço, e o usuário recebe um acesso para acompanhar o plantio da sua árvore, geolocalização, espécie e imagem da muda plantada.",(95) 99146-6184,Linkedin: https://www.linkedin.com/company/treeback/
176,BIOLIB,Roraima,"Higiene, Perfumaria e Cosméticos",Protótipo,"Os itens produzidos pela marca são uma alternativa sustentável aos tradicionais usados no dia a dia, já que estes podem ser prejudiciais ao meio ambiente devido às formulações. Em contato com o ecossistema, os químicos têm a capacidade de alterar a oxigenação da água, poluir rios, mares e prejudicar a saúde humana, sobretudo em regiões em que não há saneamento básico adequado.",(95) 98103-4748,Instagram: https://www.instagram.com/bio.lib
177,Florr Amazônia LTDA,Roraima,"Higiene, Perfumaria e Cosméticos",Ideação,"Com uma linha de produção eficiente, limpa e consciente, a marca visa ao desenvolvimento de produtos associados aos cuidados sustentáveis, preservando a identidade amazônica.",(95) 98115-1102,florramazonia@gmail.com
178,Tatipepe Produtos de Perfumaria e de Higiene Pessoal LTDA,Roraima,"Higiene, Perfumaria e Cosméticos",Operação,"Cultural, ancestral e cosmológica da cultura indígena brasileira e da flora Amazônica, a Tatitpepe nasceu com o objetivo de promover qualidade de vida e bem-estar através de produtos provenientes da natureza.",(95) 98414-2431,Instagram: https://www.instagram.com/Tatiana.Peixoto.9843/
179,Amazônia Lean,Roraima,Logística e Mobilidade,Protótipo,"A Amazônia Lean também tem o objetivo de trabalhar a educação ambiental para que a cultura de gestão de resíduos seja disseminada pelos funcionários das empresas. Assim, o projeto é introduzido em outras corporações de forma educativa e incentiva a população a adotar os mesmos cuidados em suas residências.",(95) 99144-6432,diego.estabio@gmail.com
180,RenovaRResíduos Consultoria,Roraima,Logística e Mobilidade,Protótipo,"A empresa oferece orientação, em forma de consultoria, a fim de viabilizar o tratamento e gerenciamento de resíduos. A RenovaRResíduos trabalha em conjunto com o negócio contratante na elaboração e implementação do Plano de Gerenciamento de Resíduos Sólidos.",(21) 97937-3281,https://www.linkedin.com/company/renovarres%C3%ADduos-consultoria/
181,Animais de Pelúcia da Amazônia,Roraima,Moda e Ecodesign,Ideação,"A proposta do negócio é produzir e comercializar bichos de pelúcia inspirados na fauna amazônica, com foco em animais em perigo de extinção (como pássaros e répteis). A marca acredita que as pelúcias são um meio de transmitir emoções, cuidados e proteção para os animais.",(95) 99145-9106,Instagram: https://instagram.com/animaisdepeluciadaamazonia6
182,Jaty Galeria de Arte Amazônica,Roraima,Moda e ecodesign,Operação,"Dessa forma, o negócio contribui para 7 dos 17 Objetivos do Desenvolvimento Sustentável, que são: erradicação da pobreza; trabalho consciente e desenvolvimento econômico; redução das desigualdades; cidades e comunidades sustentáveis; consumo e produção sustentáveis; ação contra a mudança global do clima e parcerias e meios de implementação.",(95) 98100-6988,Instagram: www.instagram.com/jaty_galeria/
183,Platycetaria Santa Fé,Roraima,Moda e ecodesign,Protótipo,Seus colaboradores são preocupados em mostrar e preservar as riquezas da terra de Macunaíma e destacar a potencialidade da região Amazônica.,(95) 99136-8480,ricardo.patrol12@gmail.com
184,Urucuna,Roraima,Moda e ecodesign,Operação,"Por meio da linha de negócio Cheiros da Floresta, a Urucuna também favorece a cadeia de produção florestal não madeireira ao utilizar, na composição das velas, insumos de cooperativas agroextrativistas e artesãos tradicionais.",(11) 95056-1156,Linkedin: https://www.linkedin.com/company/urucuna/
185,Bioterra Ecologic,Roraima,Químicos e Novos Materiais,Protótipo,"A empresa adota práticas voltadas à reutilização do óleo de cozinha, principalmente com a fabricação de um sabão ecológico. A Bioterra conscientiza sobre a coleta e reaproveitamento do óleo de cozinha residual proveniente de frituras como uma alternativa para o desenvolvimento sustentável, tendo importantes contribuições, como preparar, incentivar e sensibilizar as comunidades quanto às questões ambientais relacionadas ao descarte do item, e com a realização de palestras e oficinas sobre coleta seletiva e reciclagem de materiais.",(95) 99122-7915,nonatorr@gmail.com
186,Arquia Capital,Roraima,Tecnologia da Informação,Protótipo,A Arquia Capital é a primeira plataforma de crowdfunding (investimento coletivo) focada exclusivamente na região amazônica. Seu o objetivo é captar recursos de pessoas e empresas para suprir as demandas necessárias para a alavancagem de empreendimentos voltados ao bioma. O projeto se propõe a fomentar o desenvolvimento de comunidades por meio do apoio e incentivo ao empreendedorismo.,(11) 97433-8225,Facebook: www.facebook.com/arquiainvest
187,Bitciclo Tecnologias e Serviços Sustentáveis,Roraima,Tecnologia da Informação,Protótipo,"As trocas são realizadas através de coletoras automáticas instaladas em pontos de grande circulação, que coletam de forma autônoma os recicláveis, emitindo um cupom no momento da coleta com pontos equivalentes, de acordo com o tipo de reciclável depositado.",(95) 99111-8431,Linkedin: https://www.linkedin.com/company/bitciclo/
188,LFG TECH19,Roraima,Tecnologia da Informação,Protótipo,"A empresa tem como foco o desenvolvimento de uma plataforma digital que permite fazer o georreferenciamento de propriedades, comércios e pontos turísticos da zona rural de Roraima. Com isso, há também um melhor atendimento do poder público à população residente dos interiores e das comunidades indígenas.",(95) 98416-2905,Instagram: https://www.instagram.com/iroraimaruralti/
189,OKB Eco CriptoMoeda,Roraima,Tecnologia da Informação,Protótipo,"A instituição financeira estimula a proteção ambiental através do financiamento de comunidades ribeirinhas e produtores locais, usando como crédito o CO2 (dióxido de carbono).",(91) 99339-4589,Telegram: https://t.me/okbeco
190,Roraima é Aqui,Roraima,Tecnologia da Informação,Protótipo,"A Roraima é Aqui é um portal integrado de comunicação do turismo roraimense. No site e nas redes sociais, a empresa dissemina informações sobre o turismo em Roraima. A marca também almeja expandir-se para comercializar camisetas personalizadas para os apaixonados pelo estado.",(95) 98420-5272,Twitter: www.twitter.com/roraimaeaqui
191,Zônica Shopping Loja Virtual Ecoamigável,Roraima,Tecnologia da Informação,Ideação,"A loja virtual oferece uma ampla variedade de produtos ecoamigáveis e amazônicos. Centrada na expansão de mercado da bioeconomia, a Zônica conecta empreendedores e criadores de produtos feitos de forma sustentável a potenciais clientes em todo o Brasil.",(95) 99138-8082,Instagram: https://instagram.com/zonicashopping
192,ATECK - Consultoria e Representação para piscicultura,Tocantins,Agricultura e Aquicultura,Protótipo,"A empresa tem como foco a consultoria e representação no segmento da piscicultura. Atualmente, vem moldando um atendimento personalizado que permite trabalhar com produtores a distância, reduzindo o custo com deslocamento e colocando à disposição dos piscicultores um atendimento de qualidade a apenas um clique de distância.",(63) 99960-0546,Instagram: www.instagram.com/ateckconsultoria
193,InsetoGood,Tocantins,Agricultura e Aquicultura,Operação,"Todo o dejeto da criação é recolhido para formar um composto orgânico com o propósito de adubar plantas. Assim, a marca se compromete a entregar um alimento nutritivo e seguro utilizando pouquíssima água, gerando quase nada de resíduos não reutilizáveis.",(63) 98426-3325,Instagram: https://www.instagram.com/insetogood/
194,Novaplanta Pesquisa e Produção de Mudas LTDA,Tocantins,Agricultura e Aquicultura,Tração,"Atualmente, o negócio se encontra em fase de internacionalização.",(63) 98129-1881,LinkedIn: www.linkedin.com/company/novaplantagpi
195,Piscirarucu,Tocantins,Agricultura e Aquicultura,Protótipo,"Em última instância, a Piscirarucu visa estabelecer modelos de produção mais rigorosos para alcançar certificações, promovendo o desenvolvimento da região com baixo impacto ambiental.",,piscirarucu@gmail.com
196,Carne de Jaca,Tocantins,Alimentos e Bebidas,Operação,"A Carne de Jaca é uma empresa voltada para a produção industrial, de maneira artesanal, da carne de jaca, que se transforma em base para vários alimentos. A marca é a primeira indústria da região amazônica com uma cadeia produtiva inteligente que conecta pequenos produtores, colaboradoras e chefs, que, por sua vez, levam os produtos até o cliente final.",(63) 99277-9119,Instagram: www.instagram.com/carne.dejaca
197,Curiango Brew,Tocantins,Alimentos e Bebidas,Protótipo,A Curiango também foca turistas que visitam o Tocantins em busca de produtos e vivências locais.,(63) 98102-1008,Instagram: Instagram.com/curiangobrew
198,Lanche Bem,Tocantins,Alimentos e Bebidas,Operação,"A Lanche Bem é um sistema SaaS criado para cantinas de escolas se tornarem modernas, venderem mais e auxiliarem os pais no controle da alimentação dos filhos.",(63) 98402-1534,Instagram: www.instagram.com/tiodacantina_
199,R3FAMILY,Tocantins,Alimentos e Bebidas,Protótipo,O aproveitamento de frutas para a produção de vinagre mostra-se como uma alternativa para elevar a renda familiar dos pequenos produtores rurais.,Instagram: www.instagram.com/mei_r3family,
200,GreeenEnergy Soluções Sustentáveis,Tocantins,Bioenergia e Biocombustíveis,Protótipo,"O modelo de negócio é B2B, com foco no atendimento a indústrias que geram resíduos, que querem produzir energia verde e que desejam reduzir emissões de CO2 a partir do serviço de aproveitamento sustentável de resíduos, da produção de energia verde in loco, da venda de biocombustíveis avançados e da comercialização de tecnologias verdes.",(63) 98418-6427,LinkedIn: https://www.linkedin.com/in/greenenergy-startup-8a9640195/
201,Polinorte Sustentáveis,Tocantins,Casa e Construção,Operação,"A principal atividade desenvolvida pela Polinorte Sustentáveis é transformar lixo em produtos de concreto essenciais para a construção civil, como blocos, calçadas, pilares e vigas, por exemplo. Todos os testes são realizados em laboratório credenciado para garantir a resistência e a qualidade dos produtos.",(63) 99252 2565,Instagram: www.instagram.com/polinortesustentaveis
202,063 VERTICAL,Tocantins,Ecoturismo e Floresta,Protótipo,"Com um modelo de negócio similar ao da CVC ou do Hotel Urbano, em vez de vender pacotes turísticos para resorts ou cidades famosas, a 063 VERTICAL vende as emoções das atividades radicais.",(63) 99237-5874,Instagram: www.instagram.com/063vertical
203,AraraECOS,Tocantins,Ecoturismo e Floresta,Protótipo,"Essa experiência será monetizada no modelo SaaS de modo anual (B2B, B2C, B2G): serviços ambientais para empresas que possuam demanda de conservação ambiental, com foco em ESG e ODS.",(63) 99237-3181,Instagram: https://www.instagram.com/arara_ecos
204,Creditar,Tocantins,Ecoturismo e Floresta,Protótipo,"Por meio de um sistema web e aplicativo, os clientes poderão negociar seus ativos de forma simples, rápida e transparente.",(63) 98413-9235,Instagram: https://instagram.com/consisti_br/
205,BIOTEC-TO,Tocantins,"Fármacos, Fitoterápicos e Nutracêuticos",Protótipo,"A empresa apresenta a criação de uma molécula, extraída a partir de uma planta, com a capacidade de substituir a insulina em pessoas diabéticas. De baixo custo, fácil acesso e uso simples, a proposta é substituir a seringa por uma cápsula.",LinkedIn: https://www.linkedin.com/in/robson-olivoto-02174340/,
206,AMA Cosméticos,Tocantins,"Higiene, Perfumaria e Cosméticos",Protótipo,"Ao ler o rótulo de cada produto, o cliente saberá exatamente o que está sendo utilizado.",(63) 99276-3801,falecomaama@gmail.com
207,Amazônia Biorracional,Tocantins,"Higiene, Perfumaria e Cosméticos",Ideação,"Com o intuito de disponibilizar o produto em plataformas digitais, lojas físicas e em parcerias com farmácias e lojas de pesca e camping, a expectativa é que o repelente seja acessível em zonas endêmicas, sobretudo em regiões de climas tropicais, onde os casos de contágio são mais alarmantes.",(63) 99993-3132,Instagram: www.instagram.com/amazoniabiorracional
208,Aromas do Cerrado,Tocantins,"Higiene, Perfumaria e Cosméticos",Protótipo,"Atuante nos modelos B2C e B2B, a empresa comercializa produtos de higiene pessoal e cosméticos 100% ecológicos, artesanais e com ingredientes naturais provenientes diretamente de extrativistas da Região Amazônica — como o babaçu, açaí, cacau e a castanha-do-pará.",(63) 99274-7049,aromasdocerrado.contato@gmail.com
209,Lavanda Alma,Tocantins,"Higiene, Perfumaria e Cosméticos",Operação,"A marca iniciou a produção e comercialização de uma linha de 13 banhos de ervas para trabalhar diversas energias, dores e especificidades da clientela.",(63) 99255-4263,Instagram: https://www.instagram.com/canallavandaalma/
210,PlantDerm,Tocantins,"Higiene, Perfumaria e Cosméticos",Protótipo,"O negócio também visa encontrar maneiras de mitigar o impacto ambiental gerado por esses resíduos e pelo desmatamento, propondo o reaproveitamento dessas matérias-primas na aplicação no setor de cosméticos, como, por exemplo, na produção de sabonetes antissépticos.",(63) 98429-3227,Instagram: www.instagram.com/plantderm
211,Toca do Coco,Tocantins,Logística e Mobilidade,Protótipo,"Os equipamentos são fornecidos em comodato, reduzindo significativamente o investimento inicial, gerando oportunidades para pequenos investidores e proporcionando um relacionamento profundo e de longo prazo com as pessoas que atuam na ponta da cadeia produtiva.",(63) 99298-4114,Instagram: www.instagram.com/tocadococo.to
212,Biossíntese,Tocantins,Químicos e Novos Materiais,Protótipo,"A marca almeja disponibilizar o larvicida via e-commerce, marketplace e lojas físicas especializadas por valores acessíveis.",(63) 99982-2212,Instagram: https://instagram.com/biossintesepd
213,BIO 6 Sustentável,Tocantins,Químicos e Novos Materiais,Protótipo,"O negócio se destaca pelo produto comercial 5-HMF-Bio, que inova no gerenciamento de resíduos e oferta de biocompostos sustentáveis para milhões de pessoas. Ele pode ser usado na produção de biocombustível, bioplástico, solventes, resinas, ou ainda como insumos para indústria farmacêutica, de cosméticos e fragrâncias.",(63) 98114-9676,LinkedIn: https://www.linkedin.com/company/bio-6-sustentável/
214,Biossíntech,Tocantins,Químicos e novos materiais,,"A iniciativa pretende disponibilizar o larvicida via e-commerce, marketplace e lojas físicas especializadas.",(21) 98020-6540,http://www.linkedin.com/company/aya-business-oficial/
215,Akvofluo,Tocantins,Tecnologia da Informação,Operação,"Com isso, são enviados alertas de vazamento e relatórios de consumo, evitando desperdícios por vazamentos e equipamentos danificados.",(61) 99922-3067,Instagram: www.instagram.com/akvofluo.oficial
216,BID365 - Leilões Virtuais,Tocantins,Tecnologia da Informação,Protótipo,"A BID365 - Leilões Virtuais é uma plataforma de negócios online com modelo de venda por meio de pregões, leilões e venda direta de ativos rurais e urbanos. O modelo de negócio está estruturado numa plataforma SaaS White label, onde os players de mercado, ou seja, leiloeiros, leiloeiras, produtores, criadores e outros, contratam os ambientes personalizados com a identidade visual própria para promoverem os seus negócios, nas modalidades de vendas desejadas.",(63)99212-2200,Instagram: https://www.instagram.com/bid365leilao/
217,Nanosensors,Tocantins,Tecnologia da Informação,Protótipo,"O negócio se destaca pela produção e comercialização de nanomateriais, além disso, está em desenvolvimento produto único, o NS-01, para monitoramento in loco em tempo real das condições da água nas soluções hidropônicas, piscinas de psicultura, entre outros.",(61) 99248-6945,www.nanosensors.com.br
218,Simemap,Tocantins,Tecnologia da Informação,Operação,"Os dados obtidos são apresentados em plataformas web e mobile, o que resulta em uma grande quantidade de informações para análise de qualidade de energia e uso de equipamentos. O gerenciamento inteligente de recursos traz economia, segurança e conforto à instalação ou produto.",(63) 98494-3041,LinkedIn: https://br.linkedin.com/company/simemap
